<?xml version="1.0" encoding="UTF-8"?>
<metadata xml:lang="zh"><Esri><CreaDate>20251220</CreaDate><CreaTime>14543900</CreaTime><ArcGISFormat>1.0</ArcGISFormat><SyncOnce>TRUE</SyncOnce><DataProperties><lineage><Process ToolSource="c:\program files (x86)\arcgis\desktop10.6\ArcToolbox\Toolboxes\Data Management Tools.tbx\CreateTable" Date="20251220" Time="145439">CreateTable G:\Input\ProcessingResults_6_ConstraintsVerificationGlobalSummary GlobalSummary_All.dbf # #</Process><Process ToolSource="c:\program files (x86)\arcgis\desktop10.6\ArcToolbox\Toolboxes\Data Management Tools.tbx\AddField" Date="20251220" Time="145454">AddField G:\Input\ProcessingResults_6_ConstraintsVerificationGlobalSummary\GlobalSummary_All.dbf Crop TEXT # # 10 # NULLABLE NON_REQUIRED #</Process><Process ToolSource="c:\program files (x86)\arcgis\desktop10.6\ArcToolbox\Toolboxes\Data Management Tools.tbx\AddField" Date="20251220" Time="145506">AddField G:\Input\ProcessingResults_6_ConstraintsVerificationGlobalSummary\GlobalSummary_All.dbf Target TEXT # # 10 # NULLABLE NON_REQUIRED #</Process><Process ToolSource="c:\program files (x86)\arcgis\desktop10.6\ArcToolbox\Toolboxes\Data Management Tools.tbx\AddField" Date="20251220" Time="145517">AddField G:\Input\ProcessingResults_6_ConstraintsVerificationGlobalSummary\GlobalSummary_All.dbf Scenario TEXT # # 10 # NULLABLE NON_REQUIRED #</Process><Process ToolSource="c:\program files (x86)\arcgis\desktop10.6\ArcToolbox\Toolboxes\Data Management Tools.tbx\AddField" Date="20251220" Time="145529">AddField G:\Input\ProcessingResults_6_ConstraintsVerificationGlobalSummary\GlobalSummary_All.dbf Price TEXT # # 10 # NULLABLE NON_REQUIRED #</Process><Process ToolSource="c:\program files (x86)\arcgis\desktop10.6\ArcToolbox\Toolboxes\Data Management Tools.tbx\AddField" Date="20251220" Time="145540">AddField G:\Input\ProcessingResults_6_ConstraintsVerificationGlobalSummary\GlobalSummary_All.dbf RepArea DOUBLE # # # # NULLABLE NON_REQUIRED #</Process><Process ToolSource="c:\program files (x86)\arcgis\desktop10.6\ArcToolbox\Toolboxes\Data Management Tools.tbx\AddField" Date="20251220" Time="145553">AddField G:\Input\ProcessingResults_6_ConstraintsVerificationGlobalSummary\GlobalSummary_All.dbf Percent DOUBLE # # # # NULLABLE NON_REQUIRED #</Process></lineage></DataProperties></Esri></metadata>
