<?xml version="1.0" encoding="UTF-8"?>
<metadata xml:lang="zh"><Esri><CreaDate>20251219</CreaDate><CreaTime>18472200</CreaTime><ArcGISFormat>1.0</ArcGISFormat><SyncOnce>TRUE</SyncOnce><DataProperties><itemProps><itemLocation><linkage Sync="TRUE">file://\\2S5JT4A\G$\Input\ProcessingResults_5_NationalStatistics\GAEZAct2015_HarvArea_Oilpalmfruit_Total.tif</linkage><protocol Sync="TRUE">Local Area Network</protocol></itemLocation></itemProps><copyHistory><copy source="G:\Input\ProcessingResults_2_ReplacingDistribution\GAEZAct2015_HarvArea_Oilpalmfruit_Total.tif" dest="\\2S5JT4A\G$\Input\ProcessingResults_5_NationalStatistics\GAEZAct2015_HarvArea_Oilpalmfruit_Total.tif" date="20251219" time="18472200"></copy></copyHistory></DataProperties></Esri></metadata>
