<?xml version="1.0" encoding="UTF-8"?>
<metadata xml:lang="zh"><Esri><CreaDate>20251219</CreaDate><CreaTime>19193800</CreaTime><ArcGISFormat>1.0</ArcGISFormat><SyncOnce>TRUE</SyncOnce><DataProperties><lineage><Process ToolSource="c:\program files (x86)\arcgis\desktop10.6\ArcToolbox\Toolboxes\Spatial Analyst Tools.tbx\ZonalStatisticsAsTable" Date="20251219" Time="191938">ZonalStatisticsAsTable G:\Input\World_countries\World_countries.shp FID G:\Input\ProcessingResults_3_ReplacingArea\Extract_GHGemission_FinalReplacingArea_RapeseedOil_vs_Camellia_Scenario1_50pct.tif G:\Input\ProcessingResults_5_NationalStatistics\NationalStat_GHGemission_RapeseedOil_Scenario1_50pct.dbf DATA SUM</Process></lineage></DataProperties></Esri></metadata>
