<?xml version="1.0" encoding="UTF-8"?>
<metadata xml:lang="zh"><Esri><CreaDate>20251219</CreaDate><CreaTime>22021000</CreaTime><ArcGISFormat>1.0</ArcGISFormat><SyncOnce>TRUE</SyncOnce><DataProperties><lineage><Process ToolSource="c:\program files (x86)\arcgis\desktop10.6\ArcToolbox\Toolboxes\Spatial Analyst Tools.tbx\ZonalStatisticsAsTable" Date="20251219" Time="220210">ZonalStatisticsAsTable G:\Input\World_countries\World_countries.shp FID G:\Input\ProcessingResults_3_ReplacingArea\Extract_Landuse_FinalReplacingArea_OliveOil_vs_Camellia_Scenario2_65pct.tif G:\Input\ProcessingResults_5_NationalStatistics\NationalStat_Landuse_OliveOil_Scenario2_65pct.dbf DATA SUM</Process></lineage></DataProperties></Esri></metadata>
