<?xml version="1.0" encoding="UTF-8"?>
<metadata xml:lang="zh"><Esri><CreaDate>20251219</CreaDate><CreaTime>19022700</CreaTime><ArcGISFormat>1.0</ArcGISFormat><SyncOnce>TRUE</SyncOnce><DataProperties><lineage><Process ToolSource="c:\program files (x86)\arcgis\desktop10.6\ArcToolbox\Toolboxes\Spatial Analyst Tools.tbx\ZonalStatisticsAsTable" Date="20251219" Time="190227">ZonalStatisticsAsTable G:\Input\World_countries\World_countries.shp FID G:\Input\ProcessingResults_2_ReplacingDistribution\GAEZAct2015_HarvArea_Rapeseed_Total.tif G:\Input\ProcessingResults_5_NationalStatistics\NationalStat_OriginalArea_RapeseedOil.dbf DATA SUM</Process></lineage></DataProperties></Esri></metadata>
