<?xml version="1.0" encoding="UTF-8"?>
<metadata xml:lang="zh"><Esri><CreaDate>20251219</CreaDate><CreaTime>22391700</CreaTime><ArcGISFormat>1.0</ArcGISFormat><SyncOnce>TRUE</SyncOnce><DataProperties><lineage><Process ToolSource="c:\program files (x86)\arcgis\desktop10.6\ArcToolbox\Toolboxes\Spatial Analyst Tools.tbx\ZonalStatisticsAsTable" Date="20251219" Time="223917">ZonalStatisticsAsTable G:\Input\World_countries\World_countries.shp FID G:\Input\ProcessingResults_3_ReplacingArea\Extract_EnvObjectives1to4_FinalReplacingArea_OliveOil_vs_Camellia_Scenario2_65pct.tif G:\Input\ProcessingResults_5_NationalStatistics\NationalStat_EnvObjectives1to4_OliveOil_Scenario2_65pct.dbf DATA SUM</Process></lineage></DataProperties></Esri></metadata>
