<?xml version="1.0" encoding="UTF-8"?>
<metadata xml:lang="zh"><Esri><CreaDate>20251219</CreaDate><CreaTime>22564000</CreaTime><ArcGISFormat>1.0</ArcGISFormat><SyncOnce>TRUE</SyncOnce><DataProperties><lineage><Process ToolSource="c:\program files (x86)\arcgis\desktop10.6\ArcToolbox\Toolboxes\Spatial Analyst Tools.tbx\ZonalStatisticsAsTable" Date="20251219" Time="225640">ZonalStatisticsAsTable G:\Input\World_countries\World_countries.shp FID G:\Input\ProcessingResults_3_ReplacingArea\Extract_AllObjectives1to5_FinalReplacingArea_GroundnutOil_vs_Camellia_Scenario3_80%_PriceDecreases5pct.tif G:\Input\ProcessingResults_5_NationalStatistics\NationalStat_AllObjectives1to5_GroundnutOil_Scenario3_80pct_PriceDecreases5pct.dbf DATA SUM</Process></lineage></DataProperties></Esri></metadata>
