<?xml version="1.0" encoding="UTF-8"?>
<metadata xml:lang="zh"><Esri><CreaDate>20251219</CreaDate><CreaTime>19484400</CreaTime><ArcGISFormat>1.0</ArcGISFormat><SyncOnce>TRUE</SyncOnce><DataProperties><lineage><Process ToolSource="c:\program files (x86)\arcgis\desktop10.6\ArcToolbox\Toolboxes\Spatial Analyst Tools.tbx\ZonalStatisticsAsTable" Date="20251219" Time="192014">ZonalStatisticsAsTable G:\Input\World_countries\World_countries.shp FID G:\Input\ProcessingResults_3_ReplacingArea\Extract_GHGemission_FinalReplacingArea_OliveOil_vs_Camellia_Scenario1_50pct.tif G:\Input\ProcessingResults_5_NationalStatistics\NationalStat_GHGemission_OliveOil_Scenario1_50pct.dbf DATA SUM</Process><Process ToolSource="c:\program files (x86)\arcgis\desktop10.6\ArcToolbox\Toolboxes\Data Management Tools.tbx\Copy" Date="20251219" Time="194852">Copy G:\Input\ProcessingResults_5_NationalStatistics\NationalStat_GHGemission_OliveOil_Scenario1_50pct.dbf G:\Input\ProcessingResults_5_NationalStatistics\Percent_GHGemission_OliveOil_Scenario1_50pct.dbf #</Process><Process ToolSource="c:\program files (x86)\arcgis\desktop10.6\ArcToolbox\Toolboxes\Data Management Tools.tbx\AddField" Date="20251219" Time="194940">AddField G:\Input\ProcessingResults_5_NationalStatistics\Percent_GHGemission_OliveOil_Scenario1_50pct.dbf OrigArea DOUBLE # # # # NULLABLE NON_REQUIRED #</Process><Process ToolSource="c:\program files (x86)\arcgis\desktop10.6\ArcToolbox\Toolboxes\Data Management Tools.tbx\AddField" Date="20251219" Time="195023">AddField G:\Input\ProcessingResults_5_NationalStatistics\Percent_GHGemission_OliveOil_Scenario1_50pct.dbf Percent DOUBLE # # # # NULLABLE NON_REQUIRED #</Process></lineage><itemProps><itemLocation><linkage Sync="TRUE">file://\\2S5JT4A\G$\Input\ProcessingResults_5_NationalStatistics\Percent_GHGemission_OliveOil_Scenario1_50pct</linkage><protocol Sync="TRUE">Local Area Network</protocol></itemLocation></itemProps><copyHistory><copy source="G:\Input\ProcessingResults_5_NationalStatistics\NationalStat_GHGemission_OliveOil_Scenario1_50pct" dest="\\2S5JT4A\G$\Input\ProcessingResults_5_NationalStatistics\Percent_GHGemission_OliveOil_Scenario1_50pct" date="20251219" time="19484400"></copy></copyHistory></DataProperties></Esri></metadata>
