<?xml version="1.0" encoding="UTF-8"?>
<metadata xml:lang="zh"><Esri><CreaDate>20251220</CreaDate><CreaTime>03120800</CreaTime><ArcGISFormat>1.0</ArcGISFormat><SyncOnce>TRUE</SyncOnce><DataProperties><lineage><Process ToolSource="c:\program files (x86)\arcgis\desktop10.6\ArcToolbox\Toolboxes\Spatial Analyst Tools.tbx\ZonalStatisticsAsTable" Date="20251219" Time="225525">ZonalStatisticsAsTable G:\Input\World_countries\World_countries.shp FID G:\Input\ProcessingResults_3_ReplacingArea\Extract_AllObjectives1to5_FinalReplacingArea_OliveOil_vs_Camellia_Scenario2_65%_PriceDecreases5pct.tif G:\Input\ProcessingResults_5_NationalStatistics\NationalStat_AllObjectives1to5_OliveOil_Scenario2_65pct_PriceDecreases5pct.dbf DATA SUM</Process><Process ToolSource="c:\program files (x86)\arcgis\desktop10.6\ArcToolbox\Toolboxes\Data Management Tools.tbx\Copy" Date="20251220" Time="031222">Copy G:\Input\ProcessingResults_5_NationalStatistics\NationalStat_AllObjectives1to5_OliveOil_Scenario2_65pct_PriceDecreases5pct.dbf G:\Input\ProcessingResults_5_NationalStatistics\Percent_AllObjectives1to5_OliveOil_Scenario2_65pct_PriceDecreases5pct.dbf #</Process><Process ToolSource="c:\program files (x86)\arcgis\desktop10.6\ArcToolbox\Toolboxes\Data Management Tools.tbx\AddField" Date="20251220" Time="031249">AddField G:\Input\ProcessingResults_5_NationalStatistics\Percent_AllObjectives1to5_OliveOil_Scenario2_65pct_PriceDecreases5pct.dbf OrigArea DOUBLE # # # # NULLABLE NON_REQUIRED #</Process><Process ToolSource="c:\program files (x86)\arcgis\desktop10.6\ArcToolbox\Toolboxes\Data Management Tools.tbx\AddField" Date="20251220" Time="031315">AddField G:\Input\ProcessingResults_5_NationalStatistics\Percent_AllObjectives1to5_OliveOil_Scenario2_65pct_PriceDecreases5pct.dbf Percent DOUBLE # # # # NULLABLE NON_REQUIRED #</Process></lineage><itemProps><itemLocation><linkage Sync="TRUE">file://\\2S5JT4A\G$\Input\ProcessingResults_5_NationalStatistics\Percent_AllObjectives1to5_OliveOil_Scenario2_65pct_PriceDecreases5pct</linkage><protocol Sync="TRUE">Local Area Network</protocol></itemLocation></itemProps><copyHistory><copy source="G:\Input\ProcessingResults_5_NationalStatistics\NationalStat_AllObjectives1to5_OliveOil_Scenario2_65pct_PriceDecreases5pct" dest="\\2S5JT4A\G$\Input\ProcessingResults_5_NationalStatistics\Percent_AllObjectives1to5_OliveOil_Scenario2_65pct_PriceDecreases5pct" date="20251220" time="03120800"></copy></copyHistory></DataProperties></Esri></metadata>
