<?xml version="1.0" encoding="UTF-8"?>
<metadata xml:lang="zh"><Esri><CreaDate>20251220</CreaDate><CreaTime>03274000</CreaTime><ArcGISFormat>1.0</ArcGISFormat><SyncOnce>TRUE</SyncOnce><DataProperties><lineage><Process ToolSource="c:\program files (x86)\arcgis\desktop10.6\ArcToolbox\Toolboxes\Spatial Analyst Tools.tbx\ZonalStatisticsAsTable" Date="20251219" Time="225828">ZonalStatisticsAsTable G:\Input\World_countries\World_countries.shp FID G:\Input\ProcessingResults_3_ReplacingArea\Extract_AllObjectives1to5_FinalReplacingArea_SoybeanOil_vs_Camellia_Scenario3_80%_PriceDecreases15pct.tif G:\Input\ProcessingResults_5_NationalStatistics\NationalStat_AllObjectives1to5_SoybeanOil_Scenario3_80pct_PriceDecreases15pct.dbf DATA SUM</Process><Process ToolSource="c:\program files (x86)\arcgis\desktop10.6\ArcToolbox\Toolboxes\Data Management Tools.tbx\Copy" Date="20251220" Time="032756">Copy G:\Input\ProcessingResults_5_NationalStatistics\NationalStat_AllObjectives1to5_SoybeanOil_Scenario3_80pct_PriceDecreases15pct.dbf G:\Input\ProcessingResults_5_NationalStatistics\Percent_AllObjectives1to5_SoybeanOil_Scenario3_80pct_PriceDecreases15pct.dbf #</Process><Process ToolSource="c:\program files (x86)\arcgis\desktop10.6\ArcToolbox\Toolboxes\Data Management Tools.tbx\AddField" Date="20251220" Time="032830">AddField G:\Input\ProcessingResults_5_NationalStatistics\Percent_AllObjectives1to5_SoybeanOil_Scenario3_80pct_PriceDecreases15pct.dbf OrigArea DOUBLE # # # # NULLABLE NON_REQUIRED #</Process><Process ToolSource="c:\program files (x86)\arcgis\desktop10.6\ArcToolbox\Toolboxes\Data Management Tools.tbx\AddField" Date="20251220" Time="032857">AddField G:\Input\ProcessingResults_5_NationalStatistics\Percent_AllObjectives1to5_SoybeanOil_Scenario3_80pct_PriceDecreases15pct.dbf Percent DOUBLE # # # # NULLABLE NON_REQUIRED #</Process></lineage><itemProps><itemLocation><linkage Sync="TRUE">file://\\2S5JT4A\G$\Input\ProcessingResults_5_NationalStatistics\Percent_AllObjectives1to5_SoybeanOil_Scenario3_80pct_PriceDecreases15pct</linkage><protocol Sync="TRUE">Local Area Network</protocol></itemLocation></itemProps><copyHistory><copy source="G:\Input\ProcessingResults_5_NationalStatistics\NationalStat_AllObjectives1to5_SoybeanOil_Scenario3_80pct_PriceDecreases15pct" dest="\\2S5JT4A\G$\Input\ProcessingResults_5_NationalStatistics\Percent_AllObjectives1to5_SoybeanOil_Scenario3_80pct_PriceDecreases15pct" date="20251220" time="03274000"></copy></copyHistory></DataProperties></Esri></metadata>
