<?xml version="1.0" encoding="UTF-8"?>
<metadata xml:lang="zh"><Esri><CreaDate>20251219</CreaDate><CreaTime>23411800</CreaTime><ArcGISFormat>1.0</ArcGISFormat><SyncOnce>TRUE</SyncOnce><DataProperties><lineage><Process ToolSource="c:\program files (x86)\arcgis\desktop10.6\ArcToolbox\Toolboxes\Spatial Analyst Tools.tbx\ZonalStatisticsAsTable" Date="20251219" Time="220124">ZonalStatisticsAsTable G:\Input\World_countries\World_countries.shp FID G:\Input\ProcessingResults_3_ReplacingArea\Extract_Landuse_FinalReplacingArea_GroundnutOil_vs_Camellia_Scenario2_65pct.tif G:\Input\ProcessingResults_5_NationalStatistics\NationalStat_Landuse_GroundnutOil_Scenario2_65pct.dbf DATA SUM</Process><Process ToolSource="c:\program files (x86)\arcgis\desktop10.6\ArcToolbox\Toolboxes\Data Management Tools.tbx\Copy" Date="20251219" Time="234128">Copy G:\Input\ProcessingResults_5_NationalStatistics\NationalStat_Landuse_GroundnutOil_Scenario2_65pct.dbf G:\Input\ProcessingResults_5_NationalStatistics\Percent_Landuse_GroundnutOil_Scenario2_65pct.dbf #</Process><Process ToolSource="c:\program files (x86)\arcgis\desktop10.6\ArcToolbox\Toolboxes\Data Management Tools.tbx\AddField" Date="20251219" Time="234150">AddField G:\Input\ProcessingResults_5_NationalStatistics\Percent_Landuse_GroundnutOil_Scenario2_65pct.dbf OrigArea DOUBLE # # # # NULLABLE NON_REQUIRED #</Process><Process ToolSource="c:\program files (x86)\arcgis\desktop10.6\ArcToolbox\Toolboxes\Data Management Tools.tbx\AddField" Date="20251219" Time="234210">AddField G:\Input\ProcessingResults_5_NationalStatistics\Percent_Landuse_GroundnutOil_Scenario2_65pct.dbf Percent DOUBLE # # # # NULLABLE NON_REQUIRED #</Process></lineage><itemProps><itemLocation><linkage Sync="TRUE">file://\\2S5JT4A\G$\Input\ProcessingResults_5_NationalStatistics\Percent_Landuse_GroundnutOil_Scenario2_65pct</linkage><protocol Sync="TRUE">Local Area Network</protocol></itemLocation></itemProps><copyHistory><copy source="G:\Input\ProcessingResults_5_NationalStatistics\NationalStat_Landuse_GroundnutOil_Scenario2_65pct" dest="\\2S5JT4A\G$\Input\ProcessingResults_5_NationalStatistics\Percent_Landuse_GroundnutOil_Scenario2_65pct" date="20251219" time="23411800"></copy></copyHistory></DataProperties></Esri></metadata>
