<?xml version="1.0" encoding="UTF-8"?>
<metadata xml:lang="zh"><Esri><CreaDate>20251220</CreaDate><CreaTime>00425600</CreaTime><ArcGISFormat>1.0</ArcGISFormat><SyncOnce>TRUE</SyncOnce><DataProperties><lineage><Process ToolSource="c:\program files (x86)\arcgis\desktop10.6\ArcToolbox\Toolboxes\Spatial Analyst Tools.tbx\ZonalStatisticsAsTable" Date="20251219" Time="222338">ZonalStatisticsAsTable G:\Input\World_countries\World_countries.shp FID G:\Input\ProcessingResults_3_ReplacingArea\Extract_FarmerIncome_FinalReplacingArea_GroundnutOil_vs_Camellia_Scenario2_65%_PriceUnchanged.tif G:\Input\ProcessingResults_5_NationalStatistics\NationalStat_FarmerIncome_GroundnutOil_Scenario2_65pct_PriceUnchanged.dbf DATA SUM</Process><Process ToolSource="c:\program files (x86)\arcgis\desktop10.6\ArcToolbox\Toolboxes\Data Management Tools.tbx\Copy" Date="20251220" Time="004306">Copy G:\Input\ProcessingResults_5_NationalStatistics\NationalStat_FarmerIncome_GroundnutOil_Scenario2_65pct_PriceUnchanged.dbf G:\Input\ProcessingResults_5_NationalStatistics\Percent_FarmerIncome_GroundnutOil_Scenario2_65pct_PriceUnchanged.dbf #</Process><Process ToolSource="c:\program files (x86)\arcgis\desktop10.6\ArcToolbox\Toolboxes\Data Management Tools.tbx\AddField" Date="20251220" Time="004329">AddField G:\Input\ProcessingResults_5_NationalStatistics\Percent_FarmerIncome_GroundnutOil_Scenario2_65pct_PriceUnchanged.dbf OrigArea DOUBLE # # # # NULLABLE NON_REQUIRED #</Process><Process ToolSource="c:\program files (x86)\arcgis\desktop10.6\ArcToolbox\Toolboxes\Data Management Tools.tbx\AddField" Date="20251220" Time="004349">AddField G:\Input\ProcessingResults_5_NationalStatistics\Percent_FarmerIncome_GroundnutOil_Scenario2_65pct_PriceUnchanged.dbf Percent DOUBLE # # # # NULLABLE NON_REQUIRED #</Process></lineage><itemProps><itemLocation><linkage Sync="TRUE">file://\\2S5JT4A\G$\Input\ProcessingResults_5_NationalStatistics\Percent_FarmerIncome_GroundnutOil_Scenario2_65pct_PriceUnchanged</linkage><protocol Sync="TRUE">Local Area Network</protocol></itemLocation></itemProps><copyHistory><copy source="G:\Input\ProcessingResults_5_NationalStatistics\NationalStat_FarmerIncome_GroundnutOil_Scenario2_65pct_PriceUnchanged" dest="\\2S5JT4A\G$\Input\ProcessingResults_5_NationalStatistics\Percent_FarmerIncome_GroundnutOil_Scenario2_65pct_PriceUnchanged" date="20251220" time="00425600"></copy></copyHistory></DataProperties></Esri></metadata>
