<?xml version="1.0" encoding="UTF-8"?>
<metadata xml:lang="zh"><Esri><CreaDate>20251220</CreaDate><CreaTime>00321300</CreaTime><ArcGISFormat>1.0</ArcGISFormat><SyncOnce>TRUE</SyncOnce><DataProperties><lineage><Process ToolSource="c:\program files (x86)\arcgis\desktop10.6\ArcToolbox\Toolboxes\Spatial Analyst Tools.tbx\ZonalStatisticsAsTable" Date="20251219" Time="222140">ZonalStatisticsAsTable G:\Input\World_countries\World_countries.shp FID G:\Input\ProcessingResults_3_ReplacingArea\Extract_FarmerIncome_FinalReplacingArea_SunflowerOil_vs_Camellia_Scenario1_50%_PriceDecreases20pct.tif G:\Input\ProcessingResults_5_NationalStatistics\NationalStat_FarmerIncome_SunflowerOil_Scenario1_50pct_PriceDecreases20pct.dbf DATA SUM</Process><Process ToolSource="c:\program files (x86)\arcgis\desktop10.6\ArcToolbox\Toolboxes\Data Management Tools.tbx\Copy" Date="20251220" Time="003223">Copy G:\Input\ProcessingResults_5_NationalStatistics\NationalStat_FarmerIncome_SunflowerOil_Scenario1_50pct_PriceDecreases20pct.dbf G:\Input\ProcessingResults_5_NationalStatistics\Percent_FarmerIncome_SunflowerOil_Scenario1_50pct_PriceDecreases20pct.dbf #</Process><Process ToolSource="c:\program files (x86)\arcgis\desktop10.6\ArcToolbox\Toolboxes\Data Management Tools.tbx\AddField" Date="20251220" Time="003246">AddField G:\Input\ProcessingResults_5_NationalStatistics\Percent_FarmerIncome_SunflowerOil_Scenario1_50pct_PriceDecreases20pct.dbf OrigArea DOUBLE # # # # NULLABLE NON_REQUIRED #</Process><Process ToolSource="c:\program files (x86)\arcgis\desktop10.6\ArcToolbox\Toolboxes\Data Management Tools.tbx\AddField" Date="20251220" Time="003305">AddField G:\Input\ProcessingResults_5_NationalStatistics\Percent_FarmerIncome_SunflowerOil_Scenario1_50pct_PriceDecreases20pct.dbf Percent DOUBLE # # # # NULLABLE NON_REQUIRED #</Process></lineage><itemProps><itemLocation><linkage Sync="TRUE">file://\\2S5JT4A\G$\Input\ProcessingResults_5_NationalStatistics\Percent_FarmerIncome_SunflowerOil_Scenario1_50pct_PriceDecreases20pct</linkage><protocol Sync="TRUE">Local Area Network</protocol></itemLocation></itemProps><copyHistory><copy source="G:\Input\ProcessingResults_5_NationalStatistics\NationalStat_FarmerIncome_SunflowerOil_Scenario1_50pct_PriceDecreases20pct" dest="\\2S5JT4A\G$\Input\ProcessingResults_5_NationalStatistics\Percent_FarmerIncome_SunflowerOil_Scenario1_50pct_PriceDecreases20pct" date="20251220" time="00321300"></copy></copyHistory></DataProperties></Esri></metadata>
