<?xml version="1.0" encoding="UTF-8"?>
<metadata xml:lang="zh"><Esri><CreaDate>20251220</CreaDate><CreaTime>01150100</CreaTime><ArcGISFormat>1.0</ArcGISFormat><SyncOnce>TRUE</SyncOnce><DataProperties><lineage><Process ToolSource="c:\program files (x86)\arcgis\desktop10.6\ArcToolbox\Toolboxes\Spatial Analyst Tools.tbx\ZonalStatisticsAsTable" Date="20251219" Time="222943">ZonalStatisticsAsTable G:\Input\World_countries\World_countries.shp FID G:\Input\ProcessingResults_3_ReplacingArea\Extract_FarmerIncome_FinalReplacingArea_GroundnutOil_vs_Camellia_Scenario3_80%_PriceDecreases10pct.tif G:\Input\ProcessingResults_5_NationalStatistics\NationalStat_FarmerIncome_GroundnutOil_Scenario3_80pct_PriceDecreases10pct.dbf DATA SUM</Process><Process ToolSource="c:\program files (x86)\arcgis\desktop10.6\ArcToolbox\Toolboxes\Data Management Tools.tbx\Copy" Date="20251220" Time="011514">Copy G:\Input\ProcessingResults_5_NationalStatistics\NationalStat_FarmerIncome_GroundnutOil_Scenario3_80pct_PriceDecreases10pct.dbf G:\Input\ProcessingResults_5_NationalStatistics\Percent_FarmerIncome_GroundnutOil_Scenario3_80pct_PriceDecreases10pct.dbf #</Process><Process ToolSource="c:\program files (x86)\arcgis\desktop10.6\ArcToolbox\Toolboxes\Data Management Tools.tbx\AddField" Date="20251220" Time="011540">AddField G:\Input\ProcessingResults_5_NationalStatistics\Percent_FarmerIncome_GroundnutOil_Scenario3_80pct_PriceDecreases10pct.dbf OrigArea DOUBLE # # # # NULLABLE NON_REQUIRED #</Process><Process ToolSource="c:\program files (x86)\arcgis\desktop10.6\ArcToolbox\Toolboxes\Data Management Tools.tbx\AddField" Date="20251220" Time="011601">AddField G:\Input\ProcessingResults_5_NationalStatistics\Percent_FarmerIncome_GroundnutOil_Scenario3_80pct_PriceDecreases10pct.dbf Percent DOUBLE # # # # NULLABLE NON_REQUIRED #</Process></lineage><itemProps><itemLocation><linkage Sync="TRUE">file://\\2S5JT4A\G$\Input\ProcessingResults_5_NationalStatistics\Percent_FarmerIncome_GroundnutOil_Scenario3_80pct_PriceDecreases10pct</linkage><protocol Sync="TRUE">Local Area Network</protocol></itemLocation></itemProps><copyHistory><copy source="G:\Input\ProcessingResults_5_NationalStatistics\NationalStat_FarmerIncome_GroundnutOil_Scenario3_80pct_PriceDecreases10pct" dest="\\2S5JT4A\G$\Input\ProcessingResults_5_NationalStatistics\Percent_FarmerIncome_GroundnutOil_Scenario3_80pct_PriceDecreases10pct" date="20251220" time="01150100"></copy></copyHistory></DataProperties></Esri></metadata>
