<?xml version="1.0" encoding="UTF-8"?>
<metadata xml:lang="zh"><Esri><CreaDate>20251219</CreaDate><CreaTime>15444000</CreaTime><ArcGISFormat>1.0</ArcGISFormat><SyncOnce>TRUE</SyncOnce><DataProperties><itemProps><itemLocation><linkage Sync="TRUE">file://\\2S5JT4A\G$\Input\ProcessingResults_1_Constraints\Extract_Reclass_Pesticideuse_SoybeanOil_vs_Camellia_Scenario1_50pct.tif</linkage><protocol Sync="TRUE">Local Area Network</protocol></itemLocation></itemProps><copyHistory><copy source="G:\Input\Data_Pesticideuse\Extract_Reclass_Pesticideuse_SoybeanOil_vs_Camellia_Scenario1_50pct.tif" dest="\\2S5JT4A\G$\Input\ProcessingResults_1_Constraints\Extract_Reclass_Pesticideuse_SoybeanOil_vs_Camellia_Scenario1_50pct.tif" date="20251219" time="15444000"></copy></copyHistory></DataProperties></Esri></metadata>
