<?xml version="1.0" encoding="UTF-8"?>
<metadata xml:lang="zh"><Esri><CreaDate>20251219</CreaDate><CreaTime>15452900</CreaTime><ArcGISFormat>1.0</ArcGISFormat><SyncOnce>TRUE</SyncOnce><DataProperties><itemProps><itemLocation><linkage Sync="TRUE">file://\\2S5JT4A\G$\Input\ProcessingResults_1_Constraints\Extract_Reclass_FarmerIncome_SunflowerOil_vs_Camellia_Scenario3_80%_PriceDecreases10pct.tif</linkage><protocol Sync="TRUE">Local Area Network</protocol></itemLocation></itemProps><copyHistory><copy source="G:\Input\Data_Farmerincome\Extract_Reclass_FarmerIncome_SunflowerOil_vs_Camellia_Scenario3_80%_PriceDecreases10pct.tif" dest="\\2S5JT4A\G$\Input\ProcessingResults_1_Constraints\Extract_Reclass_FarmerIncome_SunflowerOil_vs_Camellia_Scenario3_80%_PriceDecreases10pct.tif" date="20251219" time="15452900"></copy></copyHistory></DataProperties></Esri></metadata>
